worker_id,zone_id,city,shift_window,hourly_income,active_days,bank_verified,gps_consistency,trust_score,prior_claim_rate
W001,A,Mumbai,06:00-15:00,95,6,1,0.92,0.88,0.05
W002,B,Mumbai,08:00-18:00,90,5,1,0.85,0.81,0.12
W003,C,Delhi,07:00-15:00,105,6,1,0.95,0.93,0.02
W004,D,Delhi,09:00-20:00,85,5,1,0.78,0.76,0.18
W005,E,Bangalore,07:00-16:00,100,6,0,0.70,0.69,0.22
W006,F,Bangalore,08:00-18:00,92,5,1,0.88,0.84,0.08
W007,G,Hyderabad,06:00-15:00,98,6,1,0.73,0.72,0.15
W008,H,Hyderabad,08:00-16:00,88,5,1,0.91,0.90,0.04
