worker_id,zone_id,city,shift_window,hourly_income,active_days,bank_verified,gps_consistency,trust_score,prior_claim_rate,trigger_id,timestamp_start,timestamp_end,trigger_type,rain_mm,aqi,temp_c,traffic_delay_pct,outage_min,closure_flag,demand_drop_pct,accessibility_score,severity_bucket,source_reliability,severity_score,exposure_score,confidence_score,fraud_penalty,claim_flag,premium,payout
W001,A,Mumbai,06:00-15:00,95,6,1,0.92,0.88,0.05,TR001,2025-07-14T06:00:00,2025-07-14T14:00:00,rain,72,185,38,0.35,5,0,0.15,0.55,medium,0.88,0.42,0.69,0.83,0.04,1,218.50,442.30
W002,B,Mumbai,08:00-18:00,90,5,1,0.85,0.81,0.12,TR002,2025-07-14T10:00:00,2025-07-14T18:00:00,rain_aqi,130,210,39,0.55,12,0,0.28,0.40,high,0.82,0.61,0.78,0.76,0.10,1,345.20,610.80
W003,C,Delhi,07:00-15:00,105,6,1,0.95,0.93,0.02,TR003,2025-06-01T12:00:00,2025-06-01T15:00:00,heat,20,95,43,0.20,0,0,0.10,0.80,low,0.91,0.22,0.58,0.89,0.02,0,128.40,0.00
W004,D,Delhi,09:00-20:00,85,5,1,0.78,0.76,0.18,TR004,2025-11-05T08:00:00,2025-11-05T20:00:00,aqi,10,320,41,0.60,8,0,0.32,0.35,high,0.85,0.55,0.81,0.68,0.14,1,310.60,520.40
W005,E,Bangalore,07:00-16:00,100,6,0,0.70,0.69,0.22,TR005,2025-07-20T07:00:00,2025-07-20T16:00:00,rain_heat,68,145,46,0.48,25,1,0.40,0.30,extreme,0.79,0.78,0.84,0.58,0.18,1,485.70,890.20
W006,F,Bangalore,08:00-18:00,92,5,1,0.88,0.84,0.08,TR006,2025-08-10T09:00:00,2025-08-10T12:00:00,outage,0,75,36,0.18,45,0,0.45,0.75,medium,0.70,0.38,0.62,0.80,0.06,1,195.30,380.50
W007,G,Hyderabad,06:00-15:00,98,6,1,0.73,0.72,0.15,TR007,2025-09-15T06:00:00,2025-09-15T15:00:00,composite,118,355,44,0.72,40,1,0.55,0.20,extreme,0.86,0.85,0.87,0.64,0.12,1,520.40,1025.60
W008,H,Hyderabad,08:00-16:00,88,5,1,0.91,0.90,0.04,TR008,2025-07-22T08:00:00,2025-07-22T14:00:00,rain_aqi,66,260,40,0.44,0,0,0.20,0.48,medium,0.84,0.40,0.66,0.85,0.03,1,205.80,415.70
